{
  "py:attr": {
    "cbar_axes": [
      "lib/mpl_toolkits/axes_grid1/axes_grid.py:docstring of mpl_toolkits.axes_grid1.axes_grid.ImageGrid:41",
      "lib/mpl_toolkits/axisartist/axes_grid.py:docstring of mpl_toolkits.axisartist.axes_grid.ImageGrid:41"
    ],
    "eventson": [
      "lib/matplotlib/widgets.py:docstring of matplotlib.widgets:1"
    ],
    "fmt_zdata": [
      "lib/mpl_toolkits/mplot3d/axes3d.py:docstring of mpl_toolkits.mplot3d.axes3d.Axes3D.format_zdata:1"
    ],
    "height": [
      "lib/matplotlib/transforms.py:docstring of matplotlib.transforms:1"
    ],
    "input_dims": [
      "lib/matplotlib/projections/geo.py:docstring of matplotlib.projections.geo.AitoffAxes:1",
      "lib/matplotlib/transforms.py:docstring of matplotlib.transforms:10",
      "lib/matplotlib/transforms.py:docstring of matplotlib.transforms:11",
      "lib/matplotlib/transforms.py:docstring of matplotlib.transforms:4"
    ],
    "lines": [
      "lib/matplotlib/colorbar.py:docstring of matplotlib.colorbar:1"
    ],
    "matplotlib.axes.Axes.patch": [
      "doc/tutorials/intermediate/artists.rst:184",
      "doc/tutorials/intermediate/artists.rst:423"
    ],
    "matplotlib.axes.Axes.patches": [
      "doc/tutorials/intermediate/artists.rst:461"
    ],
    "matplotlib.axes.Axes.transAxes": [
      "lib/mpl_toolkits/axes_grid1/anchored_artists.py:docstring of mpl_toolkits.axes_grid1.anchored_artists.AnchoredDirectionArrows:4"
    ],
    "matplotlib.axes.Axes.transData": [
      "lib/mpl_toolkits/axes_grid1/anchored_artists.py:docstring of mpl_toolkits.axes_grid1.anchored_artists.AnchoredAuxTransformBox:7",
      "lib/mpl_toolkits/axes_grid1/anchored_artists.py:docstring of mpl_toolkits.axes_grid1.anchored_artists.AnchoredEllipse:4",
      "lib/mpl_toolkits/axes_grid1/anchored_artists.py:docstring of mpl_toolkits.axes_grid1.anchored_artists.AnchoredSizeBar:4"
    ],
    "matplotlib.axes.Axes.xaxis": [
      "doc/tutorials/intermediate/artists.rst:607"
    ],
    "matplotlib.axes.Axes.yaxis": [
      "doc/tutorials/intermediate/artists.rst:607"
    ],
    "matplotlib.axis.Axis.label": [
      "doc/tutorials/intermediate/artists.rst:654"
    ],
    "matplotlib.colors.Colormap.name": [
      "lib/matplotlib/cm.py:docstring of matplotlib.cm:10"
    ],
    "matplotlib.figure.Figure.patch": [
      "doc/tutorials/intermediate/artists.rst:184",
      "doc/tutorials/intermediate/artists.rst:317"
    ],
    "matplotlib.figure.Figure.transFigure": [
      "doc/tutorials/intermediate/artists.rst:366"
    ],
    "max": [
      "lib/matplotlib/transforms.py:docstring of matplotlib.transforms:1"
    ],
    "min": [
      "lib/matplotlib/transforms.py:docstring of matplotlib.transforms:1"
    ],
    "mpl_toolkits.mplot3d.axis3d._axinfo": [
      "doc/api/toolkits/mplot3d.rst:66"
    ],
    "name": [
      "lib/matplotlib/scale.py:docstring of matplotlib.scale:7"
    ],
    "output_dims": [
      "lib/matplotlib/projections/geo.py:docstring of matplotlib.projections.geo.AitoffAxes:6",
      "lib/matplotlib/transforms.py:docstring of matplotlib.transforms:10",
      "lib/matplotlib/transforms.py:docstring of matplotlib.transforms:16",
      "lib/matplotlib/transforms.py:docstring of matplotlib.transforms:17"
    ],
    "triangulation": [
      "lib/matplotlib/tri/_trirefine.py:docstring of matplotlib.tri._trirefine.UniformTriRefiner:1"
    ],
    "use_sticky_edges": [
      "lib/matplotlib/pyplot.py:docstring of matplotlib.pyplot.margins:48"
    ],
    "width": [
      "lib/matplotlib/transforms.py:docstring of matplotlib.transforms:1"
    ],
    "xmax": [
      "lib/matplotlib/transforms.py:docstring of matplotlib.transforms:1"
    ],
    "xmin": [
      "lib/matplotlib/transforms.py:docstring of matplotlib.transforms:1"
    ],
    "ymax": [
      "lib/matplotlib/transforms.py:docstring of matplotlib.transforms:1"
    ],
    "ymin": [
      "lib/matplotlib/transforms.py:docstring of matplotlib.transforms:1"
    ]
  },
  "py:class": {
    "matplotlib.axes._base._AxesBase": [
      "doc/api/artist_api.rst:202",
      "doc/api/axes_api.rst:603",
      "lib/matplotlib/axes/_axes.py:docstring of matplotlib.axes._axes.Axes:1"
    ],
    "matplotlib.backend_bases.FigureCanvas": [
      "doc/tutorials/intermediate/artists.rst:32",
      "doc/tutorials/intermediate/artists.rst:34",
      "doc/tutorials/intermediate/artists.rst:39"
    ],
    "matplotlib.backend_bases.Renderer": [
      "doc/tutorials/intermediate/artists.rst:34",
      "doc/tutorials/intermediate/artists.rst:39"
    ],
    "matplotlib.backend_bases._Backend": [
      "lib/matplotlib/backend_bases.py:docstring of matplotlib.backend_bases:1"
    ],
    "matplotlib.backends._backend_pdf_ps.RendererPDFPSBase": [
      "lib/matplotlib/backends/backend_pdf.py:docstring of matplotlib.backends.backend_pdf:1",
      "lib/matplotlib/backends/backend_ps.py:docstring of matplotlib.backends.backend_ps:1"
    ],
    "matplotlib.backends._backend_tk.FigureCanvasTk": [
      "lib/matplotlib/backends/backend_tkagg.py:docstring of matplotlib.backends.backend_tkagg:1",
      "lib/matplotlib/backends/backend_tkcairo.py:docstring of matplotlib.backends.backend_tkcairo:1"
    ],
    "matplotlib.backends.backend_webagg_core.FigureCanvasWebAggCore": [
      "lib/matplotlib/backends/backend_nbagg.py:docstring of matplotlib.backends.backend_nbagg:1",
      "lib/matplotlib/backends/backend_webagg.py:docstring of matplotlib.backends.backend_webagg:1"
    ],
    "matplotlib.backends.backend_webagg_core.FigureManagerWebAgg": [
      "lib/matplotlib/backends/backend_nbagg.py:docstring of matplotlib.backends.backend_nbagg:1",
      "lib/matplotlib/backends/backend_webagg.py:docstring of matplotlib.backends.backend_webagg:1"
    ],
    "matplotlib.backends.backend_webagg_core.NavigationToolbar2WebAgg": [
      "lib/matplotlib/backends/backend_nbagg.py:docstring of matplotlib.backends.backend_nbagg:1"
    ],
    "matplotlib.collections._CollectionWithSizes": [
      "doc/api/artist_api.rst:202",
      "doc/api/collections_api.rst:13",
      "lib/matplotlib/collections.py:docstring of matplotlib.collections:1"
    ],
    "matplotlib.image._ImageBase": [
      "doc/api/artist_api.rst:202",
      "lib/matplotlib/image.py:docstring of matplotlib.image:1"
    ],
    "matplotlib.patches.ArrowStyle._Base": [
      "lib/matplotlib/patches.py:docstring of matplotlib.patches.ArrowStyle:1"
    ],
    "matplotlib.patches.ArrowStyle._Curve": [
      "lib/matplotlib/patches.py:docstring of matplotlib.patches.ArrowStyle:1"
    ],
    "matplotlib.patches.ConnectionStyle._Base": [
      "lib/matplotlib/patches.py:docstring of matplotlib.patches.ConnectionStyle:1"
    ],
    "matplotlib.patches._Style": [
      "lib/matplotlib/patches.py:docstring of matplotlib.patches.ArrowStyle:1",
      "lib/matplotlib/patches.py:docstring of matplotlib.patches.BoxStyle:1",
      "lib/matplotlib/patches.py:docstring of matplotlib.patches.ConnectionStyle:1",
      "lib/mpl_toolkits/axisartist/axisline_style.py:docstring of mpl_toolkits.axisartist.axisline_style.AxislineStyle:1"
    ],
    "matplotlib.projections.geo._GeoTransform": [
      "lib/matplotlib/projections/geo.py:docstring of matplotlib.projections.geo:1"
    ],
    "matplotlib.text._AnnotationBase": [
      "doc/api/artist_api.rst:202",
      "lib/matplotlib/offsetbox.py:docstring of matplotlib.offsetbox:1",
      "lib/matplotlib/text.py:docstring of matplotlib.text.Annotation:1"
    ],
    "matplotlib.transforms._BlendedMixin": [
      "lib/matplotlib/transforms.py:docstring of matplotlib.transforms:1"
    ],
    "matplotlib.widgets._SelectorWidget": [
      "lib/matplotlib/widgets.py:docstring of matplotlib.widgets:1"
    ],
    "mpl_toolkits.axes_grid1.axes_size._Base": [
      "lib/mpl_toolkits/axes_grid1/axes_size.py:docstring of mpl_toolkits.axes_grid1.axes_size.Add:1",
      "lib/mpl_toolkits/axes_grid1/axes_size.py:docstring of mpl_toolkits.axes_grid1.axes_size.AddList:1",
      "lib/mpl_toolkits/axes_grid1/axes_size.py:docstring of mpl_toolkits.axes_grid1.axes_size.AxesX:1",
      "lib/mpl_toolkits/axes_grid1/axes_size.py:docstring of mpl_toolkits.axes_grid1.axes_size.AxesY:1",
      "lib/mpl_toolkits/axes_grid1/axes_size.py:docstring of mpl_toolkits.axes_grid1.axes_size.Fixed:1",
      "lib/mpl_toolkits/axes_grid1/axes_size.py:docstring of mpl_toolkits.axes_grid1.axes_size.Fraction:1",
      "lib/mpl_toolkits/axes_grid1/axes_size.py:docstring of mpl_toolkits.axes_grid1.axes_size.MaxExtent:1",
      "lib/mpl_toolkits/axes_grid1/axes_size.py:docstring of mpl_toolkits.axes_grid1.axes_size.Padded:1",
      "lib/mpl_toolkits/axes_grid1/axes_size.py:docstring of mpl_toolkits.axes_grid1.axes_size.Scaled:1",
      "lib/mpl_toolkits/axes_grid1/axes_size.py:docstring of mpl_toolkits.axes_grid1.axes_size.SizeFromFunc:1"
    ],
    "mpl_toolkits.axes_grid1.parasite_axes.AxesHostAxes": [
      "doc/api/_as_gen/mpl_toolkits.axes_grid1.parasite_axes.rst:30:<autosummary>:1",
      "lib/mpl_toolkits/axes_grid1/parasite_axes.py:docstring of mpl_toolkits.axes_grid1.parasite_axes.AxesHostAxes:1"
    ],
    "mpl_toolkits.axes_grid1.parasite_axes.AxesParasite": [
      "doc/api/_as_gen/mpl_toolkits.axes_grid1.parasite_axes.rst:30:<autosummary>:1",
      "lib/mpl_toolkits/axes_grid1/parasite_axes.py:docstring of mpl_toolkits.axes_grid1.parasite_axes.AxesParasite:1"
    ],
    "mpl_toolkits.axisartist.Axes": [
      "doc/api/toolkits/axisartist.rst:6"
    ],
    "mpl_toolkits.axisartist.axisline_style.AxislineStyle._Base": [
      "lib/mpl_toolkits/axisartist/axisline_style.py:docstring of mpl_toolkits.axisartist.axisline_style.AxislineStyle:1"
    ],
    "mpl_toolkits.axisartist.axisline_style._FancyAxislineStyle.FilledArrow": [
      "lib/mpl_toolkits/axisartist/axisline_style.py:docstring of mpl_toolkits.axisartist.axisline_style.AxislineStyle:1"
    ],
    "mpl_toolkits.axisartist.axisline_style._FancyAxislineStyle.SimpleArrow": [
      "lib/mpl_toolkits/axisartist/axisline_style.py:docstring of mpl_toolkits.axisartist.axisline_style.AxislineStyle:1"
    ],
    "mpl_toolkits.axisartist.axislines.AxisArtistHelper._Base": [
      "lib/mpl_toolkits/axisartist/axislines.py:docstring of mpl_toolkits.axisartist.axislines.AxisArtistHelper:1"
    ],
    "mpl_toolkits.axisartist.floating_axes.FloatingAxesHostAxes": [
      "doc/api/_as_gen/mpl_toolkits.axisartist.floating_axes.rst:32:<autosummary>:1",
      "lib/mpl_toolkits/axisartist/floating_axes.py:docstring of mpl_toolkits.axisartist.floating_axes.FloatingAxesHostAxes:1"
    ],
    "numpy.uint8": [
      "lib/matplotlib/path.py:docstring of matplotlib.path:1"
    ],
    "unittest.case.TestCase": [
      "lib/matplotlib/testing/decorators.py:docstring of matplotlib.testing.decorators:1"
    ]
  },
  "py:data": {
    "matplotlib.axes.Axes.transAxes": [
      "lib/matplotlib/axes/_axes.py:docstring of matplotlib.axes._axes.Axes.legend:234",
      "lib/matplotlib/figure.py:docstring of matplotlib.figure.FigureBase.add_axes:2",
      "lib/matplotlib/legend.py:docstring of matplotlib.legend.Legend:91",
      "lib/matplotlib/pyplot.py:docstring of matplotlib.pyplot.figlegend:233",
      "lib/matplotlib/pyplot.py:docstring of matplotlib.pyplot.legend:234"
    ]
  },
  "py:meth": {
    "AbstractPathEffect._update_gc": [
      "lib/matplotlib/patheffects.py:docstring of matplotlib.patheffects.AbstractPathEffect:26",
      "lib/matplotlib/patheffects.py:docstring of matplotlib.patheffects.AbstractPathEffect:28",
      "lib/matplotlib/patheffects.py:docstring of matplotlib.patheffects.AbstractPathEffect:35",
      "lib/matplotlib/patheffects.py:docstring of matplotlib.patheffects.AbstractPathEffect:39",
      "lib/matplotlib/patheffects.py:docstring of matplotlib.patheffects.AbstractPathEffect:44"
    ],
    "IPython.terminal.interactiveshell.TerminalInteractiveShell.inputhook": [
      "doc/users/explain/interactive_guide.rst:420"
    ],
    "_find_tails": [
      "lib/matplotlib/quiver.py:docstring of matplotlib.quiver.Barbs:5"
    ],
    "_make_barbs": [
      "lib/matplotlib/quiver.py:docstring of matplotlib.quiver.Barbs:5"
    ],
    "get_matrix": [
      "lib/matplotlib/transforms.py:docstring of matplotlib.transforms:12"
    ],
    "matplotlib.collections._CollectionWithSizes.set_sizes": [
      "lib/matplotlib/axes/_axes.py:docstring of matplotlib.axes._axes.Axes.barbs:171",
      "lib/matplotlib/axes/_axes.py:docstring of matplotlib.axes._axes.Axes.broken_barh:81",
      "lib/matplotlib/axes/_axes.py:docstring of matplotlib.axes._axes.Axes.fill_between:113",
      "lib/matplotlib/axes/_axes.py:docstring of matplotlib.axes._axes.Axes.fill_betweenx:113",
      "lib/matplotlib/axes/_axes.py:docstring of matplotlib.axes._axes.Axes.hexbin:201",
      "lib/matplotlib/axes/_axes.py:docstring of matplotlib.axes._axes.Axes.pcolor:173",
      "lib/matplotlib/axes/_axes.py:docstring of matplotlib.axes._axes.Axes.quiver:207",
      "lib/matplotlib/collections.py:docstring of matplotlib.collections.AsteriskPolygonCollection:22",
      "lib/matplotlib/pyplot.py:docstring of matplotlib.pyplot.barbs:171",
      "lib/matplotlib/pyplot.py:docstring of matplotlib.pyplot.broken_barh:81",
      "lib/matplotlib/pyplot.py:docstring of matplotlib.pyplot.fill_between:113",
      "lib/matplotlib/pyplot.py:docstring of matplotlib.pyplot.fill_betweenx:113",
      "lib/matplotlib/pyplot.py:docstring of matplotlib.pyplot.hexbin:201",
      "lib/matplotlib/pyplot.py:docstring of matplotlib.pyplot.pcolor:173",
      "lib/matplotlib/pyplot.py:docstring of matplotlib.pyplot.quiver:207",
      "lib/matplotlib/quiver.py:docstring of matplotlib.quiver.Barbs:205",
      "lib/matplotlib/quiver.py:docstring of matplotlib.quiver.Barbs:38",
      "lib/matplotlib/quiver.py:docstring of matplotlib.quiver.Quiver:244",
      "lib/matplotlib/quiver.py:docstring of matplotlib.quiver.Quiver:38",
      "lib/mpl_toolkits/mplot3d/art3d.py:docstring of mpl_toolkits.mplot3d.art3d.Path3DCollection:39",
      "lib/mpl_toolkits/mplot3d/art3d.py:docstring of mpl_toolkits.mplot3d.art3d.Poly3DCollection:37"
    ]
  },
  "py:obj": {
    "Artist.stale_callback": [
      "doc/users/explain/interactive_guide.rst:323"
    ],
    "Artist.sticky_edges": [
      "doc/api/axes_api.rst:352:<autosummary>:1",
      "lib/matplotlib/axes/_axes.py:docstring of matplotlib.axes.Axes.use_sticky_edges:1"
    ],
    "Axes.dataLim": [
      "doc/api/axes_api.rst:291:<autosummary>:1",
      "lib/matplotlib/axes/_base.py:docstring of matplotlib.axes._base._AxesBase.update_datalim:1"
    ],
    "AxesBase": [
      "doc/api/axes_api.rst:444:<autosummary>:1",
      "lib/matplotlib/axes/_base.py:docstring of matplotlib.axes._base._AxesBase.add_child_axes:1"
    ],
    "Figure.stale_callback": [
      "doc/users/explain/interactive_guide.rst:333"
    ],
    "Glyph": [
      "doc/gallery/misc/ftface_props.rst:28"
    ],
    "Image": [
      "lib/matplotlib/pyplot.py:docstring of matplotlib.pyplot.gci:1"
    ],
    "ImageComparisonFailure": [
      "lib/matplotlib/testing/decorators.py:docstring of matplotlib.testing.decorators:1"
    ],
    "Line2D.pick": [
      "doc/users/explain/event_handling.rst:468"
    ],
    "QuadContourSet.changed()": [
      "lib/matplotlib/axes/_axes.py:docstring of matplotlib.axes._axes.Axes.contour:147",
      "lib/matplotlib/axes/_axes.py:docstring of matplotlib.axes._axes.Axes.contourf:147",
      "lib/matplotlib/pyplot.py:docstring of matplotlib.pyplot.contour:147",
      "lib/matplotlib/pyplot.py:docstring of matplotlib.pyplot.contourf:147"
    ],
    "Rectangle.contains": [
      "doc/users/explain/event_handling.rst:180"
    ],
    "Size.from_any": [
      "lib/mpl_toolkits/axes_grid1/axes_grid.py:docstring of mpl_toolkits.axes_grid1.axes_grid.ImageGrid:53",
      "lib/mpl_toolkits/axisartist/axes_grid.py:docstring of mpl_toolkits.axisartist.axes_grid.ImageGrid:53"
    ],
    "Timer": [
      "lib/matplotlib/backend_bases.py:docstring of matplotlib.backend_bases:1",
      "lib/matplotlib/backend_bases.py:docstring of matplotlib.backend_bases:13"
    ],
    "ToolContainer": [
      "lib/matplotlib/backend_bases.py:docstring of matplotlib.backend_bases:1",
      "lib/matplotlib/backend_bases.py:docstring of matplotlib.backend_bases:19"
    ],
    "_iter_collection": [
      "lib/matplotlib/backend_bases.py:docstring of matplotlib.backend_bases:11",
      "lib/matplotlib/backends/backend_pdf.py:docstring of matplotlib.backends.backend_pdf.FigureCanvasPdf:1",
      "lib/matplotlib/backends/backend_ps.py:docstring of matplotlib.backends.backend_ps.FigureCanvasPS:1",
      "lib/matplotlib/backends/backend_svg.py:docstring of matplotlib.backends.backend_svg.FigureCanvasSVG:1",
      "lib/matplotlib/patheffects.py:docstring of matplotlib.patheffects.AbstractPathEffect:1"
    ],
    "_iter_collection_raw_paths": [
      "lib/matplotlib/backend_bases.py:docstring of matplotlib.backend_bases:11",
      "lib/matplotlib/backends/backend_pdf.py:docstring of matplotlib.backends.backend_pdf.FigureCanvasPdf:1",
      "lib/matplotlib/backends/backend_ps.py:docstring of matplotlib.backends.backend_ps.FigureCanvasPS:1",
      "lib/matplotlib/backends/backend_svg.py:docstring of matplotlib.backends.backend_svg.FigureCanvasSVG:1",
      "lib/matplotlib/patheffects.py:docstring of matplotlib.patheffects.AbstractPathEffect:1"
    ],
    "_read": [
      "lib/matplotlib/dviread.py:docstring of matplotlib.dviread:19"
    ],
    "active": [
      "lib/matplotlib/widgets.py:docstring of matplotlib.widgets.AxesWidget:15"
    ],
    "ax.transAxes": [
      "lib/matplotlib/axes/_axes.py:docstring of matplotlib.axes._axes.Axes.indicate_inset:14",
      "lib/matplotlib/axes/_axes.py:docstring of matplotlib.axes._axes.Axes.inset_axes:6"
    ],
    "axes.bbox": [
      "lib/matplotlib/axes/_axes.py:docstring of matplotlib.axes._axes.Axes.legend:137",
      "lib/matplotlib/figure.py:docstring of matplotlib.figure.Figure:116",
      "lib/matplotlib/legend.py:docstring of matplotlib.legend.DraggableLegend.finalize_offset:20",
      "lib/matplotlib/pyplot.py:docstring of matplotlib.pyplot.figlegend:136",
      "lib/matplotlib/pyplot.py:docstring of matplotlib.pyplot.legend:137"
    ],
    "can_composite": [
      "lib/matplotlib/image.py:docstring of matplotlib.image:5"
    ],
    "cleanup": [
      "lib/matplotlib/animation.py:docstring of matplotlib.animation.FileMovieWriter:13",
      "lib/matplotlib/animation.py:docstring of matplotlib.animation.HTMLWriter:13"
    ],
    "converter": [
      "lib/matplotlib/testing/compare.py:docstring of matplotlib.testing.compare:1"
    ],
    "draw_image": [
      "lib/matplotlib/backends/backend_agg.py:docstring of matplotlib.backends.backend_agg:1"
    ],
    "figure.bbox": [
      "lib/matplotlib/axes/_axes.py:docstring of matplotlib.axes._axes.Axes.legend:137",
      "lib/matplotlib/figure.py:docstring of matplotlib.figure.Figure:116",
      "lib/matplotlib/legend.py:docstring of matplotlib.legend.DraggableLegend.finalize_offset:20",
      "lib/matplotlib/pyplot.py:docstring of matplotlib.pyplot.figlegend:136",
      "lib/matplotlib/pyplot.py:docstring of matplotlib.pyplot.legend:137"
    ],
    "fmt_xdata": [
      "lib/matplotlib/axes/_base.py:docstring of matplotlib.axes._base._AxesBase.format_xdata:1"
    ],
    "fmt_ydata": [
      "lib/matplotlib/axes/_base.py:docstring of matplotlib.axes._base._AxesBase.format_ydata:1"
    ],
    "get_size": [
      "lib/mpl_toolkits/axes_grid1/axes_size.py:docstring of mpl_toolkits.axes_grid1.axes_size:1"
    ],
    "get_xbound": [
      "lib/mpl_toolkits/mplot3d/axes3d.py:docstring of mpl_toolkits.mplot3d.axes3d.Axes3D.get_xlim:17"
    ],
    "get_ybound": [
      "lib/mpl_toolkits/mplot3d/axes3d.py:docstring of mpl_toolkits.mplot3d.axes3d.Axes3D.get_ylim:17"
    ],
    "invert_xaxis": [
      "lib/mpl_toolkits/mplot3d/axes3d.py:docstring of mpl_toolkits.mplot3d.axes3d.Axes3D.get_xlim:19"
    ],
    "invert_yaxis": [
      "lib/mpl_toolkits/mplot3d/axes3d.py:docstring of mpl_toolkits.mplot3d.axes3d.Axes3D.get_ylim:19"
    ],
    "ipykernel.pylab.backend_inline": [
      "doc/users/explain/interactive.rst:255"
    ],
    "kde.covariance_factor": [
      "lib/matplotlib/mlab.py:docstring of matplotlib.mlab:40"
    ],
    "kde.factor": [
      "lib/matplotlib/axes/_axes.py:docstring of matplotlib.axes._axes.Axes.violinplot:41",
      "lib/matplotlib/mlab.py:docstring of matplotlib.mlab:11",
      "lib/matplotlib/mlab.py:docstring of matplotlib.mlab:44",
      "lib/matplotlib/pyplot.py:docstring of matplotlib.pyplot.violinplot:41"
    ],
    "make_image": [
      "lib/matplotlib/image.py:docstring of matplotlib.image:5"
    ],
    "matplotlib.animation.ArtistAnimation.new_frame_seq": [
      "doc/api/_as_gen/matplotlib.animation.ArtistAnimation.rst:28:<autosummary>:1"
    ],
    "matplotlib.animation.ArtistAnimation.new_saved_frame_seq": [
      "doc/api/_as_gen/matplotlib.animation.ArtistAnimation.rst:28:<autosummary>:1"
    ],
    "matplotlib.animation.ArtistAnimation.pause": [
      "doc/api/_as_gen/matplotlib.animation.ArtistAnimation.rst:28:<autosummary>:1"
    ],
    "matplotlib.animation.ArtistAnimation.repeat": [
      "doc/api/_as_gen/matplotlib.animation.ArtistAnimation.rst:33:<autosummary>:1"
    ],
    "matplotlib.animation.ArtistAnimation.resume": [
      "doc/api/_as_gen/matplotlib.animation.ArtistAnimation.rst:28:<autosummary>:1"
    ],
    "matplotlib.animation.ArtistAnimation.save": [
      "doc/api/_as_gen/matplotlib.animation.ArtistAnimation.rst:28:<autosummary>:1"
    ],
    "matplotlib.animation.ArtistAnimation.to_html5_video": [
      "doc/api/_as_gen/matplotlib.animation.ArtistAnimation.rst:28:<autosummary>:1"
    ],
    "matplotlib.animation.ArtistAnimation.to_jshtml": [
      "doc/api/_as_gen/matplotlib.animation.ArtistAnimation.rst:28:<autosummary>:1"
    ],
    "matplotlib.animation.FFMpegFileWriter.bin_path": [
      "doc/api/_as_gen/matplotlib.animation.FFMpegFileWriter.rst:27:<autosummary>:1"
    ],
    "matplotlib.animation.FFMpegFileWriter.finish": [
      "doc/api/_as_gen/matplotlib.animation.FFMpegFileWriter.rst:27:<autosummary>:1"
    ],
    "matplotlib.animation.FFMpegFileWriter.frame_format": [
      "lib/matplotlib/animation.py:docstring of matplotlib.animation.FFMpegFileWriter.supported_formats:1:<autosummary>:1"
    ],
    "matplotlib.animation.FFMpegFileWriter.frame_size": [
      "lib/matplotlib/animation.py:docstring of matplotlib.animation.FFMpegFileWriter.supported_formats:1:<autosummary>:1"
    ],
    "matplotlib.animation.FFMpegFileWriter.grab_frame": [
      "doc/api/_as_gen/matplotlib.animation.FFMpegFileWriter.rst:27:<autosummary>:1"
    ],
    "matplotlib.animation.FFMpegFileWriter.isAvailable": [
      "doc/api/_as_gen/matplotlib.animation.FFMpegFileWriter.rst:27:<autosummary>:1"
    ],
    "matplotlib.animation.FFMpegFileWriter.output_args": [
      "lib/matplotlib/animation.py:docstring of matplotlib.animation.FFMpegFileWriter.supported_formats:1:<autosummary>:1"
    ],
    "matplotlib.animation.FFMpegFileWriter.saving": [
      "doc/api/_as_gen/matplotlib.animation.FFMpegFileWriter.rst:27:<autosummary>:1"
    ],
    "matplotlib.animation.FFMpegFileWriter.setup": [
      "doc/api/_as_gen/matplotlib.animation.FFMpegFileWriter.rst:27:<autosummary>:1"
    ],
    "matplotlib.animation.FFMpegWriter.bin_path": [
      "doc/api/_as_gen/matplotlib.animation.FFMpegWriter.rst:27:<autosummary>:1"
    ],
    "matplotlib.animation.FFMpegWriter.finish": [
      "doc/api/_as_gen/matplotlib.animation.FFMpegWriter.rst:27:<autosummary>:1"
    ],
    "matplotlib.animation.FFMpegWriter.frame_size": [
      "doc/api/_as_gen/matplotlib.animation.FFMpegWriter.rst:34:<autosummary>:1"
    ],
    "matplotlib.animation.FFMpegWriter.grab_frame": [
      "doc/api/_as_gen/matplotlib.animation.FFMpegWriter.rst:27:<autosummary>:1"
    ],
    "matplotlib.animation.FFMpegWriter.isAvailable": [
      "doc/api/_as_gen/matplotlib.animation.FFMpegWriter.rst:27:<autosummary>:1"
    ],
    "matplotlib.animation.FFMpegWriter.output_args": [
      "doc/api/_as_gen/matplotlib.animation.FFMpegWriter.rst:34:<autosummary>:1"
    ],
    "matplotlib.animation.FFMpegWriter.saving": [
      "doc/api/_as_gen/matplotlib.animation.FFMpegWriter.rst:27:<autosummary>:1"
    ],
    "matplotlib.animation.FFMpegWriter.setup": [
      "doc/api/_as_gen/matplotlib.animation.FFMpegWriter.rst:27:<autosummary>:1"
    ],
    "matplotlib.animation.FFMpegWriter.supported_formats": [
      "doc/api/_as_gen/matplotlib.animation.FFMpegWriter.rst:34:<autosummary>:1"
    ],
    "matplotlib.animation.FileMovieWriter.bin_path": [
      "doc/api/_as_gen/matplotlib.animation.FileMovieWriter.rst:27:<autosummary>:1"
    ],
    "matplotlib.animation.FileMovieWriter.frame_size": [
      "lib/matplotlib/animation.py:docstring of matplotlib.animation.FileMovieWriter.finish:1:<autosummary>:1"
    ],
    "matplotlib.animation.FileMovieWriter.isAvailable": [
      "doc/api/_as_gen/matplotlib.animation.FileMovieWriter.rst:27:<autosummary>:1"
    ],
    "matplotlib.animation.FileMovieWriter.saving": [
      "doc/api/_as_gen/matplotlib.animation.FileMovieWriter.rst:27:<autosummary>:1"
    ],
    "matplotlib.animation.FileMovieWriter.supported_formats": [
      "lib/matplotlib/animation.py:docstring of matplotlib.animation.FileMovieWriter.finish:1:<autosummary>:1"
    ],
    "matplotlib.animation.FuncAnimation.pause": [
      "doc/api/_as_gen/matplotlib.animation.FuncAnimation.rst:28:<autosummary>:1"
    ],
    "matplotlib.animation.FuncAnimation.repeat": [
      "lib/matplotlib/animation.py:docstring of matplotlib.animation.FuncAnimation.new_frame_seq:1:<autosummary>:1"
    ],
    "matplotlib.animation.FuncAnimation.resume": [
      "doc/api/_as_gen/matplotlib.animation.FuncAnimation.rst:28:<autosummary>:1"
    ],
    "matplotlib.animation.FuncAnimation.save": [
      "doc/api/_as_gen/matplotlib.animation.FuncAnimation.rst:28:<autosummary>:1"
    ],
    "matplotlib.animation.FuncAnimation.to_html5_video": [
      "doc/api/_as_gen/matplotlib.animation.FuncAnimation.rst:28:<autosummary>:1"
    ],
    "matplotlib.animation.FuncAnimation.to_jshtml": [
      "doc/api/_as_gen/matplotlib.animation.FuncAnimation.rst:28:<autosummary>:1"
    ],
    "matplotlib.animation.HTMLWriter.bin_path": [
      "doc/api/_as_gen/matplotlib.animation.HTMLWriter.rst:27:<autosummary>:1"
    ],
    "matplotlib.animation.HTMLWriter.frame_format": [
      "lib/matplotlib/animation.py:docstring of matplotlib.animation.HTMLWriter.finish:1:<autosummary>:1"
    ],
    "matplotlib.animation.HTMLWriter.frame_size": [
      "lib/matplotlib/animation.py:docstring of matplotlib.animation.HTMLWriter.finish:1:<autosummary>:1"
    ],
    "matplotlib.animation.HTMLWriter.saving": [
      "doc/api/_as_gen/matplotlib.animation.HTMLWriter.rst:27:<autosummary>:1"
    ],
    "matplotlib.animation.ImageMagickFileWriter.bin_path": [
      "doc/api/_as_gen/matplotlib.animation.ImageMagickFileWriter.rst:27:<autosummary>:1"
    ],
    "matplotlib.animation.ImageMagickFileWriter.delay": [
      "lib/matplotlib/animation.py:docstring of matplotlib.animation.ImageMagickFileWriter.input_names:1:<autosummary>:1"
    ],
    "matplotlib.animation.ImageMagickFileWriter.finish": [
      "doc/api/_as_gen/matplotlib.animation.ImageMagickFileWriter.rst:27:<autosummary>:1"
    ],
    "matplotlib.animation.ImageMagickFileWriter.frame_format": [
      "lib/matplotlib/animation.py:docstring of matplotlib.animation.ImageMagickFileWriter.input_names:1:<autosummary>:1"
    ],
    "matplotlib.animation.ImageMagickFileWriter.frame_size": [
      "lib/matplotlib/animation.py:docstring of matplotlib.animation.ImageMagickFileWriter.input_names:1:<autosummary>:1"
    ],
    "matplotlib.animation.ImageMagickFileWriter.grab_frame": [
      "doc/api/_as_gen/matplotlib.animation.ImageMagickFileWriter.rst:27:<autosummary>:1"
    ],
    "matplotlib.animation.ImageMagickFileWriter.isAvailable": [
      "doc/api/_as_gen/matplotlib.animation.ImageMagickFileWriter.rst:27:<autosummary>:1"
    ],
    "matplotlib.animation.ImageMagickFileWriter.output_args": [
      "lib/matplotlib/animation.py:docstring of matplotlib.animation.ImageMagickFileWriter.input_names:1:<autosummary>:1"
    ],
    "matplotlib.animation.ImageMagickFileWriter.saving": [
      "doc/api/_as_gen/matplotlib.animation.ImageMagickFileWriter.rst:27:<autosummary>:1"
    ],
    "matplotlib.animation.ImageMagickFileWriter.setup": [
      "doc/api/_as_gen/matplotlib.animation.ImageMagickFileWriter.rst:27:<autosummary>:1"
    ],
    "matplotlib.animation.ImageMagickWriter.bin_path": [
      "doc/api/_as_gen/matplotlib.animation.ImageMagickWriter.rst:27:<autosummary>:1"
    ],
    "matplotlib.animation.ImageMagickWriter.delay": [
      "lib/matplotlib/animation.py:docstring of matplotlib.animation.ImageMagickWriter.input_names:1:<autosummary>:1"
    ],
    "matplotlib.animation.ImageMagickWriter.finish": [
      "doc/api/_as_gen/matplotlib.animation.ImageMagickWriter.rst:27:<autosummary>:1"
    ],
    "matplotlib.animation.ImageMagickWriter.frame_size": [
      "lib/matplotlib/animation.py:docstring of matplotlib.animation.ImageMagickWriter.input_names:1:<autosummary>:1"
    ],
    "matplotlib.animation.ImageMagickWriter.grab_frame": [
      "doc/api/_as_gen/matplotlib.animation.ImageMagickWriter.rst:27:<autosummary>:1"
    ],
    "matplotlib.animation.ImageMagickWriter.isAvailable": [
      "doc/api/_as_gen/matplotlib.animation.ImageMagickWriter.rst:27:<autosummary>:1"
    ],
    "matplotlib.animation.ImageMagickWriter.output_args": [
      "lib/matplotlib/animation.py:docstring of matplotlib.animation.ImageMagickWriter.input_names:1:<autosummary>:1"
    ],
    "matplotlib.animation.ImageMagickWriter.saving": [
      "doc/api/_as_gen/matplotlib.animation.ImageMagickWriter.rst:27:<autosummary>:1"
    ],
    "matplotlib.animation.ImageMagickWriter.setup": [
      "doc/api/_as_gen/matplotlib.animation.ImageMagickWriter.rst:27:<autosummary>:1"
    ],
    "matplotlib.animation.ImageMagickWriter.supported_formats": [
      "lib/matplotlib/animation.py:docstring of matplotlib.animation.ImageMagickWriter.input_names:1:<autosummary>:1"
    ],
    "matplotlib.animation.MovieWriter.frame_size": [
      "lib/matplotlib/animation.py:docstring of matplotlib.animation.MovieWriter.bin_path:1:<autosummary>:1"
    ],
    "matplotlib.animation.MovieWriter.saving": [
      "doc/api/_as_gen/matplotlib.animation.MovieWriter.rst:27:<autosummary>:1"
    ],
    "matplotlib.animation.PillowWriter.frame_size": [
      "lib/matplotlib/animation.py:docstring of matplotlib.animation.PillowWriter.finish:1:<autosummary>:1"
    ],
    "matplotlib.animation.PillowWriter.saving": [
      "doc/api/_as_gen/matplotlib.animation.PillowWriter.rst:26:<autosummary>:1"
    ],
    "matplotlib.animation.TimedAnimation.new_frame_seq": [
      "doc/api/_as_gen/matplotlib.animation.TimedAnimation.rst:28:<autosummary>:1"
    ],
    "matplotlib.animation.TimedAnimation.new_saved_frame_seq": [
      "doc/api/_as_gen/matplotlib.animation.TimedAnimation.rst:28:<autosummary>:1"
    ],
    "matplotlib.animation.TimedAnimation.pause": [
      "doc/api/_as_gen/matplotlib.animation.TimedAnimation.rst:28:<autosummary>:1"
    ],
    "matplotlib.animation.TimedAnimation.resume": [
      "doc/api/_as_gen/matplotlib.animation.TimedAnimation.rst:28:<autosummary>:1"
    ],
    "matplotlib.animation.TimedAnimation.save": [
      "doc/api/_as_gen/matplotlib.animation.TimedAnimation.rst:28:<autosummary>:1"
    ],
    "matplotlib.animation.TimedAnimation.to_html5_video": [
      "doc/api/_as_gen/matplotlib.animation.TimedAnimation.rst:28:<autosummary>:1"
    ],
    "matplotlib.animation.TimedAnimation.to_jshtml": [
      "doc/api/_as_gen/matplotlib.animation.TimedAnimation.rst:28:<autosummary>:1"
    ],
    "mpl_toolkits.axislines.Axes": [
      "lib/mpl_toolkits/axisartist/axis_artist.py:docstring of mpl_toolkits.axisartist.axis_artist:7"
    ],
    "next_whats_new": [
      "doc/users/next_whats_new/README.rst:6"
    ],
    "option_scale_image": [
      "lib/matplotlib/backends/backend_cairo.py:docstring of matplotlib.backends.backend_cairo.FigureCanvasCairo:1",
      "lib/matplotlib/backends/backend_pdf.py:docstring of matplotlib.backends.backend_pdf.FigureCanvasPdf:1",
      "lib/matplotlib/backends/backend_ps.py:docstring of matplotlib.backends.backend_ps.FigureCanvasPS:2",
      "lib/matplotlib/backends/backend_template.py:docstring of matplotlib.backends.backend_template:18"
    ],
    "print_xyz": [
      "lib/matplotlib/backends/backend_template.py:docstring of matplotlib.backends.backend_template:22"
    ],
    "set_xbound": [
      "lib/mpl_toolkits/mplot3d/axes3d.py:docstring of mpl_toolkits.mplot3d.axes3d.Axes3D.get_xlim:17"
    ],
    "set_ybound": [
      "lib/mpl_toolkits/mplot3d/axes3d.py:docstring of mpl_toolkits.mplot3d.axes3d.Axes3D.get_ylim:17"
    ],
    "toggled": [
      "lib/matplotlib/backend_tools.py:docstring of matplotlib.backend_tools:1"
    ],
    "tool_removed_event": [
      "lib/matplotlib/backend_bases.py:docstring of matplotlib.backend_bases:2"
    ],
    "whats_new.rst": [
      "doc/users/next_whats_new/README.rst:6"
    ],
    "xaxis_inverted": [
      "lib/mpl_toolkits/mplot3d/axes3d.py:docstring of mpl_toolkits.mplot3d.axes3d.Axes3D.get_xlim:19"
    ],
    "yaxis_inverted": [
      "lib/mpl_toolkits/mplot3d/axes3d.py:docstring of mpl_toolkits.mplot3d.axes3d.Axes3D.get_ylim:19"
    ]
  }
}
